Filename,Run Count,Last Run Date
"C:\$Recycle.Bin\S-1-5-21-1485738871-310706401-2728302727-500\$RSJ3MB4\QQDownload\135\Tencentdl.exe",2,133724202518450706
"C:\Program Files\Microsoft SQL Server",2,133699040157798184
"C:\Windows\WinSxS\amd64_microsoft-windows-os-kernel_31bf3856ad364e35_10.0.19041.5072_none_e10d38006942d81e\ntoskrnl.exe",1,133754705889825676
"C:\Users\Administrator\Desktop\FGO-\Git\mingw64",1,133732816982853862
"C:\Program Files\Maxon Cinema 4D 2023\library\layout\new",1,133726254027069489
"C:\Users\Administrator\Desktop\new",1,133726253880089833
"C:\TXT",1,133725367814136003
"C:\Windows\System32\DriverStore\FileRepository\intcoed.inf_amd64_33284f5d2f7b1562\WoV\Tencent\m\zh-CN\tencent_zh-CN_ex.alco",1,133724200920277976
"C:\Windows\System32\DriverStore\FileRepository\intcoed.inf_amd64_fa98a0d039ca4663\WoV\Tencent",1,133724200237780983
"C:\Windows\System32\DriverStore\FileRepository\intcoed.inf_amd64_33284f5d2f7b1562\WoV\Tencent",1,133724196075534198
"C:\ProgramData\Tencent",1,133724195998408701
"C:\Program Files (x86)\Tencent",1,133724195937457226
"C:\metasploit-framework\embedded\framework\lib\metasploit",1,133713613549761818
"C:\Program Files\Microsoft Office\root\vfs\ProgramFilesX86\Microsoft SQL Server",1,133699040373336830
"C:\Program Files (x86)\Microsoft SQL Server",1,133699039042696277
